_id,DATE,TIME,HOUR,DAY_OF_WEEK,MONTH,QUARTER,YEAR,INC_RPT,PRECINCT,COUNCIL_DIST,LOCATION,SP_WEAPON,SP_INJURY_LEVEL,FATALITY_FLG,SP_GENDER,SP_ETHNICITY,SP_RACE,SP_AGE_AT_INC,SP_AGE_GROUP,PO_RACE,PO_ETHNICITY,REFERENCE_ID,SP_NUM
1,2017-01-09T00:00:00,1538,15,01 - Monday,01 - January,1,2017,2017-51067,Cactus Park Precinct,1,34XX W Tangerine Ln,Firearm,Fatal,Fatal,Male,Non-Hispanic,Black,38,30s,White,Non-Hispanic,06256,1
2,2017-01-09T00:00:00,1538,15,01 - Monday,01 - January,1,2017,2017-51067,Cactus Park Precinct,1,34XX W Tangerine Ln,Firearm,Fatal,Fatal,Male,Non-Hispanic,Black,38,30s,White,Non-Hispanic,09355,1
3,2017-03-02T00:00:00,1645,16,04 - Thursday,03 - March,1,2017,2017-370161,Mountain View Precinct,8,23XX E Van Buren St,Firearm,Fatal,Fatal,Male,Hispanic,White,27,20s,Hispanic,Hispanic,08920,1
4,2017-03-15T00:00:00,1347,13,03 - Wednesday,03 - March,1,2017,2017-451326,Black Mountain Precinct,2,23XX W Dove Valley Rd,Firearm,Fatal,Fatal,Male,Non-Hispanic,White,25,20s,Asian,Non-Hispanic,09422,1
5,2017-03-15T00:00:00,1347,13,03 - Wednesday,03 - March,1,2017,2017-451326,Black Mountain Precinct,2,23XX W Dove Valley Rd,Firearm,Fatal,Fatal,Male,Non-Hispanic,White,25,20s,White,Non-Hispanic,04862,1
6,2017-03-23T00:00:00,1725,17,04 - Thursday,03 - March,1,2017,2017-504654,Maryvale/Estrella Mountain Precinct,7,65XX W Van Buren St,Bladed Object,Fatal,Fatal,Male,Hispanic,White,24,20s,White,Non-Hispanic,09339,1
7,2017-04-09T00:00:00,1533,15,07 - Sunday,04 - April,2,2017,2017-612995,Central City Precinct,8,16XX S 15th Dr,Firearm,Injured,Non-fatal,Male,Non-Hispanic,Black,23,20s,White,Non-Hispanic,09781,1
8,2017-04-12T00:00:00,1804,18,03 - Wednesday,04 - April,2,2017,2017-632253,Not Available,NotPHX,130XX W Rancho Santa Fe Blvd Avondale AZ,Vehicle,Fatal,Fatal,Male,Non-Hispanic,White,38,30s,White,Non-Hispanic,06914,1
9,2017-04-19T00:00:00,1932,19,03 - Wednesday,04 - April,2,2017,2017-677763,Maryvale/Estrella Mountain Precinct,7,70XX W Alta Vista Rd,Bladed Object,Injured,Non-fatal,Male,Non-Hispanic,White,31,30s,Hispanic,Hispanic,07782,1
10,2017-04-19T00:00:00,1932,19,03 - Wednesday,04 - April,2,2017,2017-677763,Maryvale/Estrella Mountain Precinct,7,70XX W Alta Vista Rd,Bladed Object,Injured,Non-fatal,Male,Non-Hispanic,White,31,30s,Hispanic,Hispanic,08863,1
11,2017-05-15T00:00:00,1832,18,01 - Monday,05 - May,2,2017,2017-844586,Central City Precinct,7,11XX N 3rd Av,Firearm,Fatal,Fatal,Female,Non-Hispanic,Black,27,20s,White,Non-Hispanic,06561,1
12,2017-06-23T00:00:00,2154,21,05 - Friday,06 - June,2,2017,2017-1094550,Mountain View Precinct,8,22nd St & Washington St,Vehicle,Fatal,Fatal,Male,Hispanic,White,34,30s,White,Non-Hispanic,08304,1
13,2017-06-25T00:00:00,1104,11,07 - Sunday,06 - June,2,2017,2017-1103407,Black Mountain Precinct,2,44XX E Rancho Caliente Dr,Firearm,Fatal,Fatal,Male,Non-Hispanic,White,47,40s,White,Non-Hispanic,05984,1
14,2017-07-20T00:00:00,0803,08,04 - Thursday,07 - July,3,2017,2017-1261620,Black Mountain Precinct,3,158XX N Hanna Maui Dr,Vehicle,No Injury,Non-fatal,Male,Hispanic,White,22,20s,White,Non-Hispanic,07237,1
15,2017-07-26T00:00:00,0110,01,03 - Wednesday,07 - July,3,2017,2017-1298810,Cactus Park Precinct,1,34XX W Deer Valley Rd,Firearm,Fatal,Fatal,Male,Non-Hispanic,White,35,30s,White,Non-Hispanic,07390,1
16,2017-07-26T00:00:00,0110,01,03 - Wednesday,07 - July,3,2017,2017-1298810,Cactus Park Precinct,1,34XX W Deer Valley Rd,Firearm,Fatal,Fatal,Male,Non-Hispanic,White,35,30s,White,Non-Hispanic,08028,1
17,2017-08-17T00:00:00,0509,05,04 - Thursday,08 - August,3,2017,2017-1438722,Mountain View Precinct,8,10XX N 25th Pl,Bladed Object,Fatal,Fatal,Male,Hispanic,White,28,20s,White,Non-Hispanic,09814,1
18,2017-09-08T00:00:00,1959,19,05 - Friday,09 - September,3,2017,2017-1581924,Black Mountain Precinct,3,174XX N 13th St,Firearm,Injured,Non-fatal,Male,Non-Hispanic,White,17,<20,Asian,Non-Hispanic,08869,1
19,2017-09-20T00:00:00,1939,19,03 - Wednesday,09 - September,3,2017,2017-137937,Not Available,Not Available,43XX W Bethany Home Rd,Firearm,No Injury,Non-fatal,Male,Non-Hispanic,White,35,30s,White,Non-Hispanic,07854,1
20,2017-09-20T00:00:00,1939,19,03 - Wednesday,09 - September,3,2017,2017-137937,Not Available,Not Available,43XX W Bethany Home Rd,Firearm,No Injury,Non-fatal,Male,Non-Hispanic,White,35,30s,White,Non-Hispanic,08334,1
21,2017-09-20T00:00:00,1939,19,03 - Wednesday,09 - September,3,2017,2017-137937,Not Available,Not Available,43XX W Bethany Home Rd,Firearm,No Injury,Non-fatal,Male,Non-Hispanic,White,35,30s,White,Non-Hispanic,08620,1
22,2017-09-20T00:00:00,1940,19,03 - Wednesday,09 - September,3,2017,2017-1656063,Mountain View Precinct,6,30XX N 44th St,Firearm,Injured,Non-fatal,Male,Non-Hispanic,White,35,30s,Hispanic,Hispanic,09600,1
23,2017-09-20T00:00:00,1940,19,03 - Wednesday,09 - September,3,2017,2017-1656063,Mountain View Precinct,6,30XX N 44th St,Firearm,Injured,Non-fatal,Male,Non-Hispanic,White,35,30s,White,Non-Hispanic,07013,1
24,2017-11-04T00:00:00,1638,16,06 - Saturday,11 - November,4,2017,2017-1945385,Cactus Park Precinct,1,27XX W Cactus Rd,Bladed Object,Fatal,Fatal,Male,Non-Hispanic,White,27,20s,White,Non-Hispanic,08787,1
25,2017-11-10T00:00:00,1354,13,05 - Friday,11 - November,4,2017,2017-1982153,Mountain View Precinct,7,3XX W Culver St,Bladed Object,Fatal,Fatal,Male,Non-Hispanic,Black,42,40s,White,Non-Hispanic,09553,1
26,2017-11-14T00:00:00,1127,11,02 - Tuesday,11 - November,4,2017,2017-2006629,Maryvale/Estrella Mountain Precinct,7,70XX W Indian School Rd,Firearm,Fatal,Fatal,Male,Hispanic,White,23,20s,White,Non-Hispanic,05463,1
27,2017-12-24T00:00:00,1602,16,07 - Sunday,12 - December,4,2017,2017-2255178,Mountain View Precinct,4,16XX E Yale St,Bladed Object,Fatal,Fatal,Male,Hispanic,White,25,20s,White,Non-Hispanic,10179,1
28,2017-12-25T00:00:00,2210,22,01 - Monday,12 - December,4,2017,2017-2263100,Mountain View Precinct,4,16XX E Highland Av #1164,Firearm,No Injury,Non-fatal,Male,Non-Hispanic,Black,46,40s,White,Non-Hispanic,06082,1
29,2017-12-25T00:00:00,2210,22,01 - Monday,12 - December,4,2017,2017-2263100,Mountain View Precinct,4,16XX E Highland Av #1164,Firearm,No Injury,Non-fatal,Male,Non-Hispanic,Black,46,40s,White,Non-Hispanic,08607,1
30,2018-01-10T00:00:00,1143,11,03 - Wednesday,01 - January,1,2018,2018-57014,South Mountain Precinct,8,32XX E Southern Av,Firearm,Injured,Non-fatal,Male,Non-Hispanic,Black,31,30s,White,Non-Hispanic,05729,1
31,2018-01-17T00:00:00,1853,18,03 - Wednesday,01 - January,1,2018,2018-102479,Mountain View Precinct,8,32XX E Thomas Rd,Bladed Object,Fatal,Fatal,Male,Non-Hispanic,White,22,20s,Asian / Pacific Islander,Non-Hispanic,08215,1
32,2018-01-17T00:00:00,1853,18,03 - Wednesday,01 - January,1,2018,2018-102479,Mountain View Precinct,8,32XX E Thomas Rd,Bladed Object,Fatal,Fatal,Male,Non-Hispanic,White,22,20s,White,Non-Hispanic,09534,1
33,2018-02-01T00:00:00,1430,14,04 - Thursday,02 - February,1,2018,2018-193653,Maryvale/Estrella Mountain Precinct,7,88XX W Kingman St,Firearm,No Injury,Non-fatal,Male,Hispanic,White,14,<20,White,Non-Hispanic,06723,1
34,2018-02-16T00:00:00,2231,22,05 - Friday,02 - February,1,2018,2018-290275,Maryvale/Estrella Mountain Precinct,5,18XX N 89th Av,Firearm,Injured,Non-fatal,Male,Hispanic,White,39,30s,White,Non-Hispanic,07491,1
35,2018-02-21T00:00:00,1602,16,03 - Wednesday,02 - February,1,2018,2018-320441,Maryvale/Estrella Mountain Precinct,4,36XX W Lewis Av,Firearm,Self-Inflicted Fatal,Non-fatal,Male,Non-Hispanic,Black,39,30s,Asian / Pacific Islander,Non-Hispanic,07439,1
36,2018-02-22T00:00:00,1632,16,04 - Thursday,02 - February,1,2018,2018-325796,Maryvale/Estrella Mountain Precinct,7,46XX S 99th Dr,Firearm,Fatal,Fatal,Male,Non-Hispanic,White,27,20s,White,Hispanic,09592,1
37,2018-03-02T00:00:00,1030,10,05 - Friday,03 - March,1,2018,2018-2056,Not Available,Not Available,44XX W Purdue Av,Firearm,Fatal,Fatal,Male,Non-Hispanic,White,44,40s,White,Non-Hispanic,06696,1
38,2018-03-07T00:00:00,1037,10,03 - Wednesday,03 - March,1,2018,2018-403803,South Mountain Precinct,7,XX S 33 Av,Firearm,No Injury,Non-fatal,Male,Hispanic,White,34,30s,Black,Non-Hispanic,08661,1
39,2018-03-09T00:00:00,1310,13,05 - Friday,03 - March,1,2018,2018-417842,Maryvale/Estrella Mountain Precinct,4,59XX W Mulberry Dr,Firearm,Fatal,Fatal,Male,Hispanic,White,26,20s,White,Hispanic,09159,1
40,2018-03-09T00:00:00,1310,13,05 - Friday,03 - March,1,2018,2018-417842,Maryvale/Estrella Mountain Precinct,4,59XX W Mulberry Dr,Firearm,Fatal,Fatal,Male,Hispanic,White,26,20s,White,Hispanic,09242,1
41,2018-03-23T00:00:00,1126,11,05 - Friday,03 - March,1,2018,2018-507433,Maryvale/Estrella Mountain Precinct,5,75XX W Glenrosa,Bladed Object,Fatal,Fatal,Male,Hispanic,White,22,20s,White,Non-Hispanic,05884,1
42,2018-03-27T00:00:00,0638,06,02 - Tuesday,03 - March,1,2018,2018-532381,South Mountain Precinct,4,29XX W Garfield,Firearm,Fatal,Fatal,Male,Hispanic,White,44,40s,White,Non-Hispanic,05587,1
43,2018-03-27T00:00:00,0638,06,02 - Tuesday,03 - March,1,2018,2018-532381,South Mountain Precinct,4,29XX W Garfield,Firearm,Fatal,Fatal,Male,Hispanic,White,44,40s,White,Non-Hispanic,07097,1
44,2018-03-27T00:00:00,0638,06,02 - Tuesday,03 - March,1,2018,2018-532381,South Mountain Precinct,4,29XX W Garfield,Firearm,Fatal,Fatal,Male,Hispanic,White,44,40s,White,Non-Hispanic,09335,1
45,2018-03-28T00:00:00,0515,05,03 - Wednesday,03 - March,1,2018,2018-538725,Mountain View Precinct,4,23XX E Mulberry Dr,Firearm,Injured,Non-fatal,Male,Non-Hispanic,Black,48,40s,White,Non-Hispanic,07944,1
46,2018-04-01T00:00:00,0837,08,07 - Sunday,04 - April,2,2018,2018-566484,Mountain View Precinct,8,21XX N 32nd St,Firearm,Fatal,Fatal,Male,Non-Hispanic,American Indian / Alaskan,58,50s,Black,Non-Hispanic,09696,1
47,2018-04-04T00:00:00,1911,19,03 - Wednesday,04 - April,2,2018,2018-589190,Cactus Park Precinct,1,192XX N 47th Av,Firearm,Fatal,Fatal,Female,Non-Hispanic,White,44,40s,White,Non-Hispanic,08590,1
48,2018-04-04T00:00:00,1911,19,03 - Wednesday,04 - April,2,2018,2018-589190,Cactus Park Precinct,1,192XX N 47th Av,Firearm,Fatal,Fatal,Female,Non-Hispanic,White,44,40s,White,Non-Hispanic,09301,1
49,2018-04-04T00:00:00,1911,19,03 - Wednesday,04 - April,2,2018,2018-589190,Cactus Park Precinct,1,192XX N 47th Av,Firearm,Fatal,Fatal,Female,Non-Hispanic,White,44,40s,White,Non-Hispanic,09448,1
50,2018-04-14T00:00:00,0503,05,06 - Saturday,04 - April,2,2018,2018-652510,Mountain View Precinct,4,14XX W Thomas Rd,Firearm,Fatal,Fatal,Male,Non-Hispanic,Black,39,30s,White,Hispanic,08687,1
51,2018-04-14T00:00:00,0503,05,06 - Saturday,04 - April,2,2018,2018-652510,Mountain View Precinct,4,14XX W Thomas Rd,Firearm,Fatal,Fatal,Male,Non-Hispanic,Black,39,30s,White,Hispanic,09164,1
52,2018-04-14T00:00:00,0503,05,06 - Saturday,04 - April,2,2018,2018-652510,Mountain View Precinct,4,14XX W Thomas Rd,Firearm,Fatal,Fatal,Male,Non-Hispanic,Black,39,30s,White,Non-Hispanic,09631,1
53,2018-04-14T00:00:00,0503,05,06 - Saturday,04 - April,2,2018,2018-652510,Mountain View Precinct,4,14XX W Thomas Rd,Firearm,Fatal,Fatal,Male,Non-Hispanic,Black,39,30s,White,Non-Hispanic,09856,1
54,2018-04-14T00:00:00,0503,05,06 - Saturday,04 - April,2,2018,2018-652510,Mountain View Precinct,4,14XX W Thomas Rd,Firearm,Fatal,Fatal,Male,Non-Hispanic,Black,39,30s,White,Non-Hispanic,09863,1
55,2018-04-14T00:00:00,1409,14,06 - Saturday,04 - April,2,2018,2018-654998,South Mountain Precinct,7,65XX S 3rd St,Firearm,Fatal,Fatal,Male,Hispanic,White,44,40s,White,Non-Hispanic,08936,1
56,2018-04-14T00:00:00,1409,14,06 - Saturday,04 - April,2,2018,2018-654998,South Mountain Precinct,7,65XX S 3rd St,Firearm,Fatal,Fatal,Male,Hispanic,White,44,40s,White,Non-Hispanic,09240,1
57,2018-04-14T00:00:00,1409,14,06 - Saturday,04 - April,2,2018,2018-654998,South Mountain Precinct,7,65XX S 3rd St,Firearm,Fatal,Fatal,Male,Hispanic,White,44,40s,White,Non-Hispanic,10054,1
58,2018-04-17T00:00:00,1213,12,02 - Tuesday,04 - April,2,2018,2018-673179,Mountain View Precinct,6,25XX E Camelback Rd,Firearm,No Injury,Non-fatal,Male,Hispanic,White,26,20s,Black,Non-Hispanic,08661,1
59,2018-05-01T00:00:00,2016,20,02 - Tuesday,05 - May,2,2018,2018-767219,Central City Precinct,7,3XX N 21st Av,Firearm,Injured,Non-fatal,Male,Hispanic,White,42,40s,White,Hispanic,09621,1
60,2018-05-06T00:00:00,0100,01,07 - Sunday,05 - May,2,2018,2018-794448,Cactus Park Precinct,5,54XX N 40th Dr,Bladed Object,Injured,Non-fatal,Male,Non-Hispanic,White,49,40s,White,Non-Hispanic,09687,1
61,2018-05-09T00:00:00,0920,09,03 - Wednesday,05 - May,2,2018,2018-815148,Central City Precinct,8,18XX W Grant St,Firearm,Injured,Non-fatal,Male,Non-Hispanic,Black,52,50s,White,Non-Hispanic,06082,1
62,2018-05-09T00:00:00,0920,09,03 - Wednesday,05 - May,2,2018,2018-815148,Central City Precinct,8,18XX W Grant St,Firearm,Injured,Non-fatal,Male,Non-Hispanic,Black,52,50s,White,Non-Hispanic,06961,1
63,2018-05-09T00:00:00,0920,09,03 - Wednesday,05 - May,2,2018,2018-815148,Central City Precinct,8,18XX W Grant St,Firearm,Injured,Non-fatal,Male,Non-Hispanic,Black,52,50s,White,Non-Hispanic,07361,1
64,2018-05-09T00:00:00,0920,09,03 - Wednesday,05 - May,2,2018,2018-815148,Central City Precinct,8,18XX W Grant St,Firearm,Injured,Non-fatal,Male,Non-Hispanic,Black,52,50s,White,Non-Hispanic,08288,1
65,2018-05-21T00:00:00,1720,17,01 - Monday,05 - May,2,2018,2018-896082,Mountain View Precinct,7,15XX N Central Av,Firearm,Injured,Non-fatal,Male,Non-Hispanic,American Indian / Alaskan,35,30s,White,Hispanic,08659,1
66,2018-05-24T00:00:00,0030,00,04 - Thursday,05 - May,2,2018,2018-911304,Black Mountain Precinct,2,5XX E Marco Polo Rd,Firearm,Injured,Non-fatal,Male,Non-Hispanic,White,42,40s,White,Non-Hispanic,07704,1
67,2018-05-29T00:00:00,1430,14,02 - Tuesday,05 - May,2,2018,2018-945608,Cactus Park Precinct,1,94XX N Metro Pkwy W,Firearm,Fatal,Fatal,Male,Non-Hispanic,American Indian / Alaskan,34,30s,White,Non-Hispanic,06015,1
68,2018-05-29T00:00:00,1430,14,02 - Tuesday,05 - May,2,2018,2018-945608,Cactus Park Precinct,1,94XX N Metro Pkwy W,Firearm,Fatal,Fatal,Male,Non-Hispanic,American Indian / Alaskan,34,30s,White,Non-Hispanic,09594,1
69,2018-06-10T00:00:00,1140,11,07 - Sunday,06 - June,2,2018,2018-1024936,Desert Horizon Precinct,7,23XX W Windrose Dr,Firearm,No Injury,Non-fatal,Male,Non-Hispanic,White,26,20s,White,Non-Hispanic,05062,1
70,2018-06-10T00:00:00,1140,11,07 - Sunday,06 - June,2,2018,2018-1024936,Desert Horizon Precinct,7,23XX W Windrose Dr,Firearm,No Injury,Non-fatal,Male,Non-Hispanic,White,26,20s,White,Non-Hispanic,05572,1
71,2018-06-10T00:00:00,1140,11,07 - Sunday,06 - June,2,2018,2018-1024936,Desert Horizon Precinct,7,23XX W Windrose Dr,Firearm,No Injury,Non-fatal,Male,Non-Hispanic,White,26,20s,White,Non-Hispanic,06082,1
72,2018-06-12T00:00:00,0715,07,02 - Tuesday,06 - June,2,2018,2018-1032437,Mountain View Precinct,4,2XX W Osborn Rd,Blunt Object,Fatal,Fatal,Male,Non-Hispanic,White,34,30s,White,Non-Hispanic,06864,1
73,2018-06-14T00:00:00,0440,04,04 - Thursday,06 - June,2,2018,2018-1045007,South Mountain Precinct,8,22XX W Grove St,Firearm,No Injury,Non-fatal,Male,Non-Hispanic,Black,30,30s,White,Non-Hispanic,06696,1
74,2018-06-16T00:00:00,0745,07,06 - Saturday,06 - June,2,2018,2018-1059020,Cactus Park Precinct,1,37XX W Ruth Av,Firearm,Fatal,Fatal,Male,Non-Hispanic,White,48,40s,White,Non-Hispanic,08786,1
75,2018-06-29T00:00:00,1736,17,05 - Friday,06 - June,2,2018,2018-1143517,Cactus Park Precinct,5,40XX W Colter St,Firearm,Fatal,Fatal,Male,Non-Hispanic,Black,19,<20,White,Non-Hispanic,09002,1
76,2018-06-29T00:00:00,1736,17,05 - Friday,06 - June,2,2018,2018-1143517,Cactus Park Precinct,5,40XX W Colter St,Firearm,Fatal,Fatal,Male,Non-Hispanic,Black,19,<20,White,Non-Hispanic,10318,1
77,2018-06-29T00:00:00,1736,17,05 - Friday,06 - June,2,2018,2018-1143517,Cactus Park Precinct,5,40XX W Colter St,Firearm,Fatal,Fatal,Male,Non-Hispanic,Black,19,<20,White,Non-Hispanic,,1
78,2018-07-09T00:00:00,1350,13,01 - Monday,07 - July,3,2018,2018-1204764,Black Mountain Precinct,3,162XX N 7th St #1204,Firearm,Injured,Non-fatal,Male,Non-Hispanic,White,35,30s,White,Non-Hispanic,09942,1
79,2018-07-15T00:00:00,1826,18,07 - Sunday,07 - July,3,2018,2018-1245597,Maryvale/Estrella Mountain Precinct,4,27XX W Thomas Rd,Firearm,No Injury,Non-fatal,Male,Non-Hispanic,White,28,20s,White,Non-Hispanic,09656,1
80,2018-07-23T00:00:00,2047,20,01 - Monday,07 - July,3,2018,2018-1296160,Mountain View Precinct,6,21XX E Orangewood Av,Firearm,No Injury,Non-fatal,Male,Non-Hispanic,White,77,70s,White,Hispanic,09351,1
81,2018-07-23T00:00:00,2047,20,01 - Monday,07 - July,3,2018,2018-1296160,Mountain View Precinct,6,21XX E Orangewood Av,Firearm,No Injury,Non-fatal,Male,Non-Hispanic,White,77,70s,White,Non-Hispanic,09366,1
82,2018-08-05T00:00:00,1602,16,07 - Sunday,08 - August,3,2018,2018-1379141,Mountain View Precinct,4,21XX W Glenrosa Av,Firearm,Injured,Non-fatal,Male,Non-Hispanic,Black,35,30s,White,Non-Hispanic,09862,1
83,2018-08-07T00:00:00,1834,18,02 - Tuesday,08 - August,3,2018,2018-1392551,Mountain View Precinct,4,5XX W Holly St,Bladed Object,No Injury,Non-fatal,Female,Non-Hispanic,White,24,20s,White,Non-Hispanic,09647,1
84,2018-08-16T00:00:00,2000,20,04 - Thursday,08 - August,3,2018,2018-1451472,Desert Horizon Precinct,3,122XX N Cave Creek Rd,Firearm,Injured,Non-fatal,Male,Non-Hispanic,White,41,40s,White,Hispanic,10010,1
85,2018-08-18T00:00:00,1644,16,06 - Saturday,08 - August,3,2018,2018-1463618,South Mountain Precinct,7,54XX S 15th Av,Firearm,Fatal,Fatal,Male,Hispanic,White,27,20s,White,Non-Hispanic,09240,1
86,2018-08-26T00:00:00,2349,23,07 - Sunday,08 - August,3,2018,2018-1516514,South Mountain Precinct,4,10XX N 43rd Av,Firearm,Fatal,Fatal,Male,Hispanic,White,25,20s,White,Non-Hispanic,08278,1
87,2018-08-27T00:00:00,0155,01,01 - Monday,08 - August,3,2018,2018-1516948,Cactus Park Precinct,1,38XX W Anderson Dr,Firearm,Fatal,Fatal,Male,Non-Hispanic,White,20,20s,White,Hispanic,10260,1
88,2018-08-27T00:00:00,0155,01,01 - Monday,08 - August,3,2018,2018-1516948,Cactus Park Precinct,1,38XX W Anderson Dr,Firearm,Fatal,Fatal,Male,Non-Hispanic,White,20,20s,White,Non-Hispanic,10133,1
89,2018-09-22T00:00:00,0503,05,06 - Saturday,09 - September,3,2018,2018-1682847,Maryvale/Estrella Mountain Precinct,5,80XX W Campbell Av,Firearm,Injured,Non-fatal,Male,Hispanic,White,45,40s,White,Hispanic,10078,1
90,2018-09-22T00:00:00,0503,05,06 - Saturday,09 - September,3,2018,2018-1682847,Maryvale/Estrella Mountain Precinct,5,80XX W Campbell Av,Firearm,Injured,Non-fatal,Male,Hispanic,White,45,40s,White,Non-Hispanic,10076,1
91,2018-10-08T00:00:00,0812,08,01 - Monday,10 - October,4,2018,2018-1784937,Maryvale/Estrella Mountain Precinct,4,52XX W McDowell Rd,Vehicle,No Injury,Non-fatal,Male,Hispanic,White,32,30s,White,Hispanic,06745,1
92,2018-11-13T00:00:00,1539,15,02 - Tuesday,11 - November,4,2018,2018-2015739,Not Available,Not Available,63XX N 64th Dr,Firearm,Fatal,Fatal,Male,Non-Hispanic,Black,24,20s,White,Non-Hispanic,07097,1
93,2018-11-13T00:00:00,1539,15,02 - Tuesday,11 - November,4,2018,2018-2015739,Not Available,Not Available,63XX N 64th Dr,Firearm,Fatal,Fatal,Male,Non-Hispanic,Black,24,20s,White,Non-Hispanic,08038,1
94,2018-11-13T00:00:00,1539,15,02 - Tuesday,11 - November,4,2018,2018-2015739,Not Available,Not Available,63XX N 64th Dr,Firearm,Fatal,Fatal,Male,Non-Hispanic,Black,24,20s,White,Non-Hispanic,08566,1
95,2018-11-29T00:00:00,1552,15,04 - Thursday,11 - November,4,2018,2018-2111736,Maryvale/Estrella Mountain Precinct,4,33XX W Cambridge Av,Firearm,Fatal,Fatal,Male,Hispanic,White,46,40s,White,Non-Hispanic,07013,1
96,2018-12-17T00:00:00,2135,21,01 - Monday,12 - December,4,2018,2018-2223822,Cactus Park Precinct,4,36XX W Camelback Rd,Firearm,Fatal,Fatal,Male,Hispanic,White,34,30s,White,Non-Hispanic,07273,1
97,2018-12-19T00:00:00,2104,21,03 - Wednesday,12 - December,4,2018,2018-2236611,Mountain View Precinct,8,35XX E Monte Vista Rd,Blunt Object,Fatal,Fatal,Male,Hispanic,White,50,50s,White,Hispanic,09507,1
98,2018-12-28T00:00:00,0757,07,05 - Friday,12 - December,4,2018,2018-2283411,Cactus Park Precinct,1,50XX W Thunderbird Rd,Firearm,Fatal,Fatal,Male,Non-Hispanic,White,46,40s,White,Non-Hispanic,07820,1
99,2019-01-11T00:00:00,0022,00,05 - Friday,01 - January,1,2019,2019-0055839,Maryvale/Estrella Mountain Precinct,5,92XX W Camelback Rd,Firearm,Fatal,Fatal,Male,Hispanic,Black,19,<20,White,Non-Hispanic,06696,1
100,2019-01-11T00:00:00,0022,00,05 - Friday,01 - January,1,2019,2019-0055839,Maryvale/Estrella Mountain Precinct,5,92XX W Camelback Rd,Firearm,Fatal,Fatal,Male,Hispanic,Black,19,<20,White,Non-Hispanic,09019,1
101,2019-01-30T00:00:00,0957,09,03 - Wednesday,01 - January,1,2019,2019-0171132,Desert Horizon Precinct,6,7XX E Northern Av,Firearm,Fatal,Fatal,Male,Non-Hispanic,White,47,40s,White,Non-Hispanic,06079,1
102,2019-01-30T00:00:00,0957,09,03 - Wednesday,01 - January,1,2019,2019-0171132,Desert Horizon Precinct,6,7XX E Northern Av,Firearm,Fatal,Fatal,Male,Non-Hispanic,White,47,40s,White,Non-Hispanic,07238,1
103,2019-01-30T00:00:00,0957,09,03 - Wednesday,01 - January,1,2019,2019-0171132,Desert Horizon Precinct,6,7XX E Northern Av,Firearm,Fatal,Fatal,Male,Non-Hispanic,White,47,40s,White,Non-Hispanic,08266,1
104,2019-03-09T00:00:00,1918,19,06 - Saturday,03 - March,1,2019,2019-0406293,Mountain View Precinct,8,42XX E Wilshire Dr,Firearm,Fatal,Fatal,Male,Non-Hispanic,White,35,30s,White,Non-Hispanic,10278,1
105,2019-03-13T00:00:00,0955,09,03 - Wednesday,03 - March,1,2019,2019-0424535,Central City Precinct,7,19XX W Monroe St,None,Fatal,Fatal,Male,Hispanic,White,30,30s,White,Non-Hispanic,06195,1
106,2019-03-13T00:00:00,0955,09,03 - Wednesday,03 - March,1,2019,2019-0424535,Central City Precinct,7,19XX W Monroe St,None,Fatal,Fatal,Male,Hispanic,White,30,30s,White,Non-Hispanic,07937,1
107,2019-03-28T00:00:00,0050,00,04 - Thursday,03 - March,1,2019,2019-0516476,Maryvale/Estrella Mountain Precinct,5,47XX W Hazelwood St,Firearm,Fatal,Fatal,Male,Non-Hispanic,White,43,40s,White,Non-Hispanic,08217,1
108,2019-04-29T00:00:00,0940,09,01 - Monday,04 - April,2,2019,2019-0722449,Mountain View Precinct,8,35XX E Roosevelt St,Firearm,Fatal,Fatal,Male,Hispanic,White,26,20s,White,Non-Hispanic,08883,1
109,2019-05-09T00:00:00,0350,03,04 - Thursday,05 - May,2,2019,2019-0785563,Central City Precinct,8,7XX W Pima St,Firearm,Fatal,Fatal,Male,Hispanic,White,29,20s,White,Non-Hispanic,09753,1
110,2019-05-09T00:00:00,0350,03,04 - Thursday,05 - May,2,2019,2019-0785563,Central City Precinct,8,7XX W Pima St,Firearm,Fatal,Fatal,Male,Hispanic,White,29,20s,White,Non-Hispanic,10190,1
111,2019-05-19T00:00:00,0310,03,07 - Sunday,05 - May,2,2019,2019-0849179,Mountain View Precinct,8,16XX E Portland St,Firearm,Fatal,Fatal,Male,Non-Hispanic,American Indian / Alaskan,17,<20,White,Non-Hispanic,07536,1
112,2019-05-19T00:00:00,0310,03,07 - Sunday,05 - May,2,2019,2019-0849179,Mountain View Precinct,8,16XX E Portland St,Firearm,Fatal,Fatal,Male,Non-Hispanic,American Indian / Alaskan,17,<20,White,Non-Hispanic,10265,1
113,2019-05-26T00:00:00,0114,01,07 - Sunday,05 - May,2,2019,2019-0892262,Cactus Park Precinct,5,36XX W Camelback Rd,Firearm,Injured,Non-fatal,Male,Hispanic,White,24,20s,White,Non-Hispanic,09856,1
114,2019-08-27T00:00:00,1830,18,02 - Tuesday,08 - August,3,2019,2019-1483520,Mountain View Precinct,8,35XX E Palm Lane,Firearm,Injured,Non-fatal,Male,Hispanic,White,32,30s,White,Non-Hispanic,09507,1
115,2019-08-30T00:00:00,0818,08,05 - Friday,08 - August,3,2019,2019-1499220,Maryvale/Estrella Mountain Precinct,7,90XX W Van Buren St,Firearm,Fatal,Fatal,Male,Hispanic,White,51,50s,White,Non-Hispanic,07646,1
116,2019-09-09T00:00:00,1628,16,01 - Monday,09 - September,3,2019,2019-1565190,Cactus Park Precinct,1,43XX W Dailey St,Bladed Object,Fatal,Fatal,Male,Hispanic,White,47,40s,White,Hispanic,10356,1
117,2019-09-09T00:00:00,1628,16,01 - Monday,09 - September,3,2019,2019-1565190,Cactus Park Precinct,1,43XX W Dailey St,Bladed Object,Fatal,Fatal,Male,Hispanic,White,47,40s,White,Non-Hispanic,10380,1
118,2019-11-03T00:00:00,0455,04,07 - Sunday,11 - November,4,2019,2019-1910751,South Mountain Precinct,8,28XX E Atlanta Av,Firearm,Fatal,Fatal,Male,Non-Hispanic,Black,32,30s,White,Non-Hispanic,05062,1
119,2019-11-03T00:00:00,0455,04,07 - Sunday,11 - November,4,2019,2019-1910751,South Mountain Precinct,8,28XX E Atlanta Av,Firearm,Fatal,Fatal,Male,Non-Hispanic,Black,32,30s,White,Non-Hispanic,08778,1
120,2019-11-03T00:00:00,0455,04,07 - Sunday,11 - November,4,2019,2019-1910751,South Mountain Precinct,8,28XX E Atlanta Av,Firearm,Fatal,Fatal,Male,Non-Hispanic,Black,32,30s,White,Non-Hispanic,09287,1
121,2019-11-03T00:00:00,0455,04,07 - Sunday,11 - November,4,2019,2019-1910751,South Mountain Precinct,8,28XX E Atlanta Av,Firearm,Fatal,Fatal,Male,Non-Hispanic,Black,32,30s,White,Non-Hispanic,09899,1
122,2019-11-11T00:00:00,1930,19,01 - Monday,11 - November,4,2019,2019-1967281,Maryvale/Estrella Mountain Precinct,5,43XX W Camelback Rd,Bladed Object,Injured,Non-fatal,Male,Non-Hispanic,Asian / Pacific Islander,27,20s,White,Non-Hispanic,10529,1
123,2019-12-23T00:00:00,1110,11,01 - Monday,12 - December,4,2019,2019-2220807,Maryvale/Estrella Mountain Precinct,7,76XX W Thomas Rd,Firearm,Fatal,Fatal,Male,Hispanic,White,38,30s,White,Hispanic,09159,1
124,2019-12-23T00:00:00,1110,11,01 - Monday,12 - December,4,2019,2019-2220807,Maryvale/Estrella Mountain Precinct,7,76XX W Thomas Rd,Firearm,Fatal,Fatal,Male,Hispanic,White,38,30s,White,Non-Hispanic,10092,1
125,2020-01-06T00:00:00,2053,20,01 - Monday,01 - January,1,2020,2020-0034260,Central City Precinct,7,3XX S 1st Av,Firearm,Fatal,Fatal,Male,Non-Hispanic,American Indian / Alaskan,28,20s,White,Hispanic,09952,1
126,2020-01-06T00:00:00,2053,20,01 - Monday,01 - January,1,2020,2020-0034260,Central City Precinct,7,3XX S 1st Av,Firearm,Fatal,Fatal,Male,Non-Hispanic,American Indian / Alaskan,28,20s,White,Non-Hispanic,09838,1
127,2020-02-20T00:00:00,0136,01,04 - Thursday,02 - February,1,2020,2020-0302823,Not Available,Not Available,XX 60 and Country Club Dr,None,Injured,Non-fatal,Male,Hispanic,White,25,20s,Asian / Pacific Islander,Non-Hispanic,08379,1
128,2020-03-13T00:00:00,1750,17,05 - Friday,03 - March,1,2020,2020-0443959,Mountain View Precinct,8,10XX S 24th St,Bladed Object,Injured,Non-fatal,Male,Hispanic,White,28,20s,White,Non-Hispanic,07451,1
129,2020-03-29T00:00:00,1905,19,07 - Sunday,03 - March,1,2020,2020-0536194,Cactus Park Precinct,1,238XX M 40th Dr,Firearm,Fatal,Fatal,Male,Non-Hispanic,White,22,20s,White,Non-Hispanic,10663,1
130,2020-03-29T00:00:00,,,07 - Sunday,03 - March,1,2020,2020-0536194,Cactus Park Precinct,1,238XX M 40th Dr,Firearm,Fatal,Fatal,Male,Non-Hispanic,White,22,20s,White,Non-Hispanic,10056,1
131,2020-04-28T00:00:00,1056,10,02 - Tuesday,04 - April,2,2020,2020-0709426,Not Available,Not Available,4XX S Watson Rd,Firearm,Self-Inflicted Fatal,Non-fatal,Male,Non-Hispanic,White,32,30s,White,Non-Hispanic,05572,1
132,2020-04-28T00:00:00,1056,10,02 - Tuesday,04 - April,2,2020,2020-0709426,Not Available,Not Available,4XX S Watson Rd,Firearm,Self-Inflicted Fatal,Non-fatal,Male,Non-Hispanic,White,32,30s,White,Non-Hispanic,06082,1
133,2020-05-21T00:00:00,2253,22,04 - Thursday,05 - May,2,2020,2020-0852236,South Mountain Precinct,6,160XX S Desert Foothills Pkwy,Firearm,Fatal,Fatal,Male,Non-Hispanic,White,40,40s,White,Non-Hispanic,10282,1
134,2020-05-29T00:00:00,2212,22,05 - Friday,05 - May,2,2020,2020-0900160,Cactus Park Precinct,Not Available,28XX W Berridge Ln,Firearm,Injured,Non-fatal,Male,Hispanic,White,22,20s,White,Hispanic,10375,1
135,2020-06-14T00:00:00,1950,19,07 - Sunday,06 - June,2,2020,2020-0996055,Cactus Park Precinct,1,44XX W Union Hills Dr,Bladed Object,Injured,Non-fatal,Male,Non-Hispanic,White,55,50s,White,Non-Hispanic,10803,1
136,2020-06-16T00:00:00,2030,20,02 - Tuesday,06 - June,2,2020,2020-1008312,Mountain View Precinct,4,22XX W Indian School Rd,Firearm,Fatal,Fatal,Male,Non-Hispanic,Black,27,20s,White,Non-Hispanic,07273,1
137,2020-06-16T00:00:00,2030,20,02 - Tuesday,06 - June,2,2020,2020-1008312,Mountain View Precinct,4,22XX W Indian School Rd,Firearm,Fatal,Fatal,Male,Non-Hispanic,Black,27,20s,White,Non-Hispanic,09856,1
138,2020-06-16T00:00:00,2030,20,02 - Tuesday,06 - June,2,2020,2020-1008312,Mountain View Precinct,4,22XX W Indian School Rd,Firearm,Fatal,Fatal,Male,Non-Hispanic,Black,27,20s,White,Non-Hispanic,10431,1
139,2020-07-04T00:00:00,1252,12,06 - Saturday,07 - July,3,2020,2020-1110966,Maryvale/Estrella Mountain Precinct,5,56XX W Glenrosa Av,Firearm,Fatal,Fatal,Male,Hispanic,White,28,20s,White,Hispanic,10250,1
140,2020-07-04T00:00:00,1252,12,06 - Saturday,07 - July,3,2020,2020-1110966,Maryvale/Estrella Mountain Precinct,5,56XX W Glenrosa Av,Firearm,Fatal,Fatal,Male,Hispanic,White,28,20s,White,Non-Hispanic,10351,1
141,2020-07-08T00:00:00,0637,06,03 - Wednesday,07 - July,3,2020,2020-1133042,Cactus Park Precinct,1,104XX N Black Canyon Highway,Firearm,Injured,Non-fatal,Female,Non-Hispanic,White,24,20s,White,Non-Hispanic,05550,1
142,2020-07-08T00:00:00,0637,06,03 - Wednesday,07 - July,3,2020,2020-1133042,Cactus Park Precinct,1,104XX N Black Canyon Highway,Firearm,Injured,Non-fatal,Female,Non-Hispanic,White,24,20s,White,Non-Hispanic,08570,1
143,2020-08-19T00:00:00,1647,16,03 - Wednesday,08 - August,3,2020,2020-1368784,South Mountain Precinct,6,132XX S 48th St #1017,Firearm,Injured,Non-fatal,Female,Non-Hispanic,American Indian / Alaskan,22,20s,White,Non-Hispanic,10510,1
144,2020-09-13T00:00:00,2047,20,07 - Sunday,09 - September,3,2020,2020-1513182,Cactus Park Precinct,3,97XX N 29th Av,Vehicle,Injured,Non-fatal,Male,Hispanic,White,15,<20,White,Hispanic,10261,1
145,2020-09-13T00:00:00,2047,20,07 - Sunday,09 - September,3,2020,2020-1513182,Cactus Park Precinct,3,97XX N 29th Av,Vehicle,Injured,Non-fatal,Male,Hispanic,White,16,<20,White,Hispanic,10261,2
146,2020-09-13T00:00:00,2047,20,07 - Sunday,09 - September,3,2020,2020-1514103,Cactus Park Precinct,3,97XX N 29th Av,Vehicle,Injured,Non-fatal,Male,Hispanic,White,15,<20,Black/White,Non-Hispanic,10545,1
147,2020-09-13T00:00:00,2047,20,07 - Sunday,09 - September,3,2020,2020-1514103,Cactus Park Precinct,3,97XX N 29th Av,Vehicle,Injured,Non-fatal,Male,Hispanic,White,16,<20,Black/White,Non-Hispanic,10545,2
148,2020-09-21T00:00:00,0622,06,01 - Monday,09 - September,3,2020,2020-1554699,Cactus Park Precinct,3,21XX W Dunlap Rd,Vehicle,No Injury,Non-fatal,Male,Non-Hispanic,Black,,Not Available,White,Hispanic,10535,1
149,2020-09-30T00:00:00,1824,18,03 - Wednesday,09 - September,3,2020,2020-1611423,Mountain View Precinct,6,42XX E Calle Redonda,Bladed Object,Injured,Non-fatal,Male,Non-Hispanic,Black,38,30s,White,Non-Hispanic,08078,1
150,2020-10-01T00:00:00,2125,21,04 - Thursday,10 - October,4,2020,2020-1618248,South Mountain Precinct,8,7XX E Carter Circle,Firearm,Injured,Non-fatal,Male,Hispanic,White,29,20s,White,Hispanic,10522,1
151,2020-10-01T00:00:00,2125,21,04 - Thursday,10 - October,4,2020,2020-1618248,South Mountain Precinct,8,7XX E Carter Circle,Firearm,Injured,Non-fatal,Male,Hispanic,White,29,20s,White,Non-Hispanic,10659,1
152,2020-10-15T00:00:00,1129,11,04 - Thursday,10 - October,4,2020,2020-1694095,Central City Precinct,8,XX E Hadley St,Firearm,No Injury,Non-fatal,Male,Hispanic,White,22,20s,White,Non-Hispanic,08408,1
153,2020-10-20T00:00:00,2107,21,02 - Tuesday,10 - October,4,2020,2020-1726630,Mountain View Precinct,4,22XX E Amelia Av,Firearm,Fatal,Fatal,Male,Hispanic,White,43,40s,White,Hispanic,10097,1
154,2020-10-20T00:00:00,2107,21,02 - Tuesday,10 - October,4,2020,2020-1726630,Mountain View Precinct,4,22XX E Amelia Av,Firearm,Fatal,Fatal,Male,Hispanic,White,43,40s,White,Non-Hispanic,10068,1
155,2020-10-22T00:00:00,0109,01,04 - Thursday,10 - October,4,2020,2020-1733634,South Mountain Precinct,7,34XX W Washington St,Firearm,Injured,Non-fatal,Male,Hispanic,White,21,20s,White,Non-Hispanic,09936,1
156,2020-10-25T00:00:00,2206,22,07 - Sunday,10 - October,4,2020,2020-1756375,Black Mountain Precinct,2,22XX W Roy Rodgers Rd,Simulated Firearm,Fatal,Fatal,Male,Non-Hispanic,White,53,50s,White,Hispanic,10855,1
157,2020-10-25T00:00:00,2206,22,07 - Sunday,10 - October,4,2020,2020-1756375,Black Mountain Precinct,2,22XX W Roy Rodgers Rd,Simulated Firearm,Fatal,Fatal,Male,Non-Hispanic,White,53,50s,White,Hispanic,10997,1
158,2020-11-13T00:00:00,0545,05,05 - Friday,11 - November,4,2020,2020-1857485,Mountain View Precinct,4,19XX W Indian School Rd,Firearm,Injured,Non-fatal,Male,Non-Hispanic,Black,35,30s,White,Non-Hispanic,10647,1
159,2020-11-13T00:00:00,0545,05,05 - Friday,11 - November,4,2020,2020-1857485,Mountain View Precinct,4,19XX W Indian School Rd,Firearm,Injured,Non-fatal,Male,Non-Hispanic,Black,35,30s,White,Non-Hispanic,10675,1
160,2020-11-30T00:00:00,0206,02,01 - Monday,11 - November,4,2020,2020-1950579,Mountain View Precinct,4,23XX W Indian School Rd,Firearm,Fatal,Fatal,Male,Non-Hispanic,Black,33,30s,White,Non-Hispanic,07163,1
161,2020-11-30T00:00:00,0206,02,01 - Monday,11 - November,4,2020,2020-1950579,Mountain View Precinct,4,23XX W Indian School Rd,Firearm,Fatal,Fatal,Male,Non-Hispanic,Black,33,30s,White,Non-Hispanic,09060,1
162,2020-11-30T00:00:00,0206,02,01 - Monday,11 - November,4,2020,2020-1950579,Mountain View Precinct,4,23XX W Indian School Rd,Firearm,Fatal,Fatal,Male,Non-Hispanic,Black,33,30s,White,Non-Hispanic,09873,1
163,2020-11-30T00:00:00,0206,02,01 - Monday,11 - November,4,2020,2020-1950579,Mountain View Precinct,4,23XX W Indian School Rd,Firearm,Fatal,Fatal,Male,Non-Hispanic,Black,33,30s,White,Non-Hispanic,10531,1
164,2020-12-03T00:00:00,0407,04,04 - Thursday,12 - December,4,2020,2020-1966328,Mountain View Precinct,3,92XX N 19th Av,Firearm,Fatal,Fatal,Male,Non-Hispanic,Black,42,40s,White,Hispanic,09824,1
165,2020-12-03T00:00:00,0407,04,04 - Thursday,12 - December,4,2020,2020-1966328,Mountain View Precinct,3,92XX N 19th Av,Firearm,Fatal,Fatal,Male,Non-Hispanic,Black,42,40s,White,Hispanic,09890,1
166,2020-12-03T00:00:00,0407,04,04 - Thursday,12 - December,4,2020,2020-1966328,Mountain View Precinct,3,92XX N 19th Av,Firearm,Fatal,Fatal,Male,Non-Hispanic,Black,42,40s,White,Non-Hispanic,09836,1
167,2020-12-03T00:00:00,0407,04,04 - Thursday,12 - December,4,2020,2020-1966328,Mountain View Precinct,3,92XX N 19th Av,Firearm,Fatal,Fatal,Male,Non-Hispanic,Black,42,40s,White,Non-Hispanic,10435,1
168,2020-12-03T00:00:00,0407,04,04 - Thursday,12 - December,4,2020,2020-1966328,Mountain View Precinct,3,92XX N 19th Av,Firearm,Fatal,Fatal,Male,Non-Hispanic,Black,42,40s,White,Non-Hispanic,10491,1
169,2020-12-25T00:00:00,0107,01,05 - Friday,12 - December,4,2020,2020-2085772,Maryvale/Estrella Mountain Precinct,4,52XX W Mulberry Dr,Vehicle,Injured,Non-fatal,Male,Hispanic,White,25,20s,White,Non-Hispanic,10244,1
170,2020-12-28T00:00:00,0015,00,01 - Monday,12 - December,4,2020,2020-2100913,Maryvale/Estrella Mountain Precinct,4,41XX N 27th Av,Firearm,Fatal,Fatal,Female,Non-Hispanic,Black,47,40s,White,Non-Hispanic,09939,1
171,2020-12-28T00:00:00,0015,00,01 - Monday,12 - December,4,2020,2020-2100913,Maryvale/Estrella Mountain Precinct,4,41XX N 27th Av,Firearm,Fatal,Fatal,Female,Non-Hispanic,Black,47,40s,White,Non-Hispanic,10300,1
172,2020-12-28T00:00:00,2045,20,01 - Monday,12 - December,4,2020,2020-2104891,Cactus Park Precinct,8,72XX N 27th Av,Simulated Firearm,Fatal,Fatal,Male,Non-Hispanic,White,30,30s,White,Hispanic,11096,1
173,2020-12-28T00:00:00,2045,20,01 - Monday,12 - December,4,2020,2020-2104891,Cactus Park Precinct,8,72XX N 27th Av,Simulated Firearm,Fatal,Fatal,Male,Non-Hispanic,White,30,30s,White,Non-Hispanic,09880,1
174,2020-12-28T00:00:00,2045,20,01 - Monday,12 - December,4,2020,2020-2104891,Cactus Park Precinct,8,72XX N 27th Av,Simulated Firearm,Fatal,Fatal,Male,Non-Hispanic,White,30,30s,White,Non-Hispanic,09922,1
175,2020-12-28T00:00:00,2045,20,01 - Monday,12 - December,4,2020,2020-2104891,Cactus Park Precinct,8,72XX N 27th Av,Simulated Firearm,Fatal,Fatal,Male,Non-Hispanic,White,30,30s,White,Non-Hispanic,10607,1
176,2020-12-28T00:00:00,2045,20,01 - Monday,12 - December,4,2020,2020-2104891,Cactus Park Precinct,8,72XX N 27th Av,Simulated Firearm,Fatal,Fatal,Male,Non-Hispanic,White,30,30s,White,Non-Hispanic,10841,1
177,2021-01-09T00:00:00,1515,15,06 - Saturday,01 - January,1,2021,2021-0045284,Central City Precinct,8,6XX W Van Buren St,Firearm,Fatal,Fatal,Male,Non-Hispanic,Black,37,30s,White,Non-Hispanic,10179,1
178,2021-01-12T00:00:00,0016,00,02 - Tuesday,01 - January,1,2021,2021-0057473,South Mountain Precinct,6,80XX W Arizona Grand Pkwy,Firearm,Fatal,Fatal,Male,Hispanic,White,23,20s,White,Hispanic,10443,1
179,2021-01-12T00:00:00,0016,00,02 - Tuesday,01 - January,1,2021,2021-0057473,South Mountain Precinct,6,80XX W Arizona Grand Pkwy,Firearm,Fatal,Fatal,Male,Hispanic,White,23,20s,White,Non-Hispanic,10516,1
180,2021-01-12T00:00:00,1553,15,02 - Tuesday,01 - January,1,2021,2021-0060680,South Mountain Precinct,7,2XX S 35th Av,Bladed Object,Injured,Non-fatal,Male,Hispanic,White,19,<20,White,Non-Hispanic,09966,1
181,2021-02-06T00:00:00,1124,11,06 - Saturday,02 - February,1,2021,2021-0200688,Cactus Park Precinct,1,122XX N 41st La,Firearm,Fatal,Fatal,Male,Non-Hispanic,White,29,20s,Black,Non-Hispanic,10421,1
182,2021-03-08T00:00:00,1415,14,01 - Monday,03 - March,1,2021,2021-0373649,Cactus Park Precinct,1,48XX W Country Gables Dr,Firearm,No Injury,Non-fatal,Female,Non-Hispanic,White,51,50s,White,Non-Hispanic,09605,1
183,2021-04-03T00:00:00,2017,20,06 - Saturday,04 - April,2,2021,2021-0521605,Maryvale/Estrella Mountain Precinct,5,75XX W Indian School Rd,Firearm,Fatal,Fatal,Male,Hispanic,White,26,20s,Black,Non-Hispanic,10540,1
184,2021-05-07T00:00:00,2353,23,05 - Friday,05 - May,2,2021,2021-0713845,Cactus Park Precinct,1,56XX W Happy Valley Rd,Firearm,Injured,Non-fatal,Male,Non-Hispanic,White,34,30s,White,Non-Hispanic,09019,1
185,2021-05-30T00:00:00,1708,17,07 - Sunday,05 - May,2,2021,2021-0841007,Cactus Park Precinct,1,39XX W Wood Dr,Firearm,Injured,Non-fatal,Male,Hispanic,White,42,40s,White,Non-Hispanic,10760,1
186,2021-06-03T00:00:00,1652,16,04 - Thursday,06 - June,2,2021,2021-0863790,Desert Horizon Precinct,4,13XX West Camelback Rd,Firearm,Fatal,Fatal,Male,Non-Hispanic,Black,39,30s,White,Non-Hispanic,10088,1
187,2021-06-20T00:00:00,0040,00,07 - Sunday,06 - June,2,2021,2021-0954059,Maryvale/Estrella Mountain Precinct,5,96XX W Camelback Rd,Firearm,No Injury,Non-fatal,Male,Hispanic,White,32,30s,White,Hispanic,07076,1
188,2021-06-20T00:00:00,0040,00,07 - Sunday,06 - June,2,2021,2021-0954059,Maryvale/Estrella Mountain Precinct,5,96XX W Camelback Rd,Firearm,No Injury,Non-fatal,Male,Hispanic,White,32,30s,,Non-Hispanic,08579,1
189,2021-06-29T00:00:00,2240,22,02 - Tuesday,06 - June,2,2021,2021-1009040,Mountain View Precinct,4,9XX W Turney Av,Firearm,Injured,Non-fatal,Male,Non-Hispanic,White,77,70s,White,Non-Hispanic,10647,1
190,2021-06-29T00:00:00,2240,22,02 - Tuesday,06 - June,2,2021,2021-1009040,Mountain View Precinct,4,9XX W Turney Av,Firearm,Injured,Non-fatal,Male,Non-Hispanic,White,77,70s,White,Non-Hispanic,10695,1
191,2021-07-08T00:00:00,2107,21,04 - Thursday,07 - July,3,2021,2021-1058905,Cactus Park Precinct,5,25XX W Augusta Av,Firearm,Fatal,Fatal,Male,Non-Hispanic,White,64,60s,White,Non-Hispanic,08532,1
192,2021-07-08T00:00:00,2108,21,04 - Thursday,07 - July,3,2021,2021-1058905,Cactus Park Precinct,5,25XX W Augusta Av,Firearm,Fatal,Fatal,Male,Non-Hispanic,White,64,60s,White,Non-Hispanic,10780,1
193,2021-07-08T00:00:00,2109,21,04 - Thursday,07 - July,3,2021,2021-1058905,Cactus Park Precinct,5,25XX W Augusta Av,Firearm,Fatal,Fatal,Male,Non-Hispanic,White,64,60s,White,Non-Hispanic,10172,1
194,2021-07-08T00:00:00,2110,21,04 - Thursday,07 - July,3,2021,2021-1058905,Cactus Park Precinct,5,25XX W Augusta Av,Firearm,Fatal,Fatal,Male,Non-Hispanic,White,64,60s,Black,Non-Hispanic,10691,1
195,2021-07-20T00:00:00,1912,19,02 - Tuesday,07 - July,3,2021,2021-1125238,Mountain View Precinct,8,8XX N 30th St,Bladed Object,Fatal,Fatal,Male,Hispanic,White,30,30s,White,Hispanic,10388,1
196,2022-01-06T00:00:00,2328,23,04 - Thursday,01 - January,1,2022,2022-0032365,Central City Precinct,7,17XX W Van Buren ST,Firearm,Injured,Non-fatal,Male,Non-Hispanic,Black,32,30s,White,Non-Hispanic,10459,1
197,2022-01-08T00:00:00,0003,00,06 - Saturday,01 - January,1,2022,2022-0038308,Maryvale/Estrella Mountain Precinct,8,52XX W Baseline Rd,Firearm,No Injury,Non-fatal,Male,Hispanic,White,26,20s,White,Non-Hispanic,11032,1
198,2022-01-22T00:00:00,0441,04,06 - Saturday,01 - January,1,2022,2022-0115859,Mountain View Precinct,4,22XX E Fairmount Av,Firearm,Fatal,Fatal,Male,Hispanic,White,37,30s,White,Hispanic,10288,1
199,2022-01-22T00:00:00,0441,04,06 - Saturday,01 - January,1,2022,2022-0115859,Mountain View Precinct,4,22XX E Fairmount Av,Firearm,Fatal,Fatal,Male,Hispanic,White,37,30s,White,Non-Hispanic,10619,1
200,2022-02-07T00:00:00,1252,12,01 - Monday,02 - February,1,2022,2022-0205663,Maryvale/Estrella Mountain Precinct,4,17XX N 30th Av,Bladed Object,Fatal,Fatal,Male,Hispanic,White,30,30s,White,Non-Hispanic,09670,1
201,2022-02-11T00:00:00,0210,02,05 - Friday,02 - February,1,2022,2022-0225604,Maryvale/Estrella Mountain Precinct,7,54XX W Warner St,Firearm,Self-Inflicted Fatal,Non-fatal,Male,Non-Hispanic,Black,36,30s,Asian,Non-Hispanic,07858,1
202,2022-02-11T00:00:00,0210,02,05 - Friday,02 - February,1,2022,2022-0225604,Maryvale/Estrella Mountain Precinct,7,54XX W Warner St,Firearm,Self-Inflicted Fatal,Non-fatal,Male,Non-Hispanic,Black,36,30s,White,Non-Hispanic,08672,1
203,2022-03-12T00:00:00,0728,07,06 - Saturday,03 - March,1,2022,2022-0381270,Maryvale/Estrella Mountain Precinct,7,12XX S 75th Av,Vehicle,Fatal,Fatal,Male,Non-Hispanic,White,39,30s,Black,Non-Hispanic,10540,1
204,2022-04-14T00:00:00,1018,10,04 - Thursday,04 - April,2,2022,2022-0562563,Black Mountain Precinct,2,202XX N Cave Creek Rd,Firearm,Injured,Non-fatal,Male,Non-Hispanic,White,35,30s,White,Non-Hispanic,08365,1
205,2022-05-01T00:00:00,1208,12,07 - Sunday,05 - May,2,2022,2022-0656051,South Mountain Precinct,8,62XX S 19th Av,Bladed Object,Injured,Non-fatal,Male,Hispanic,White,29,20s,White,Non-Hispanic,10963,1
206,2022-05-09T00:00:00,1645,16,01 - Monday,05 - May,2,2022,2022-0701608,Black Mountain Precinct,3,5XX E Bell Rd,Blunt Object,Injured,Non-fatal,Male,Hispanic,White,47,40s,White,Hispanic,08637,1
207,2022-05-24T00:00:00,1604,16,02 - Tuesday,05 - May,2,2022,2022-0784502,Black Mountain Precinct,2,31XX E Rosemont Dr,Firearm,Injured,Non-fatal,Male,Hispanic,White,25,20s,White,Hispanic,10387,1
208,2022-05-24T00:00:00,1604,16,02 - Tuesday,05 - May,2,2022,2022-0784502,Black Mountain Precinct,2,31XX E Rosemont Dr,Firearm,Injured,Non-fatal,Male,Hispanic,White,25,20s,White,Non-Hispanic,05227,1
209,2022-05-24T00:00:00,1604,16,02 - Tuesday,05 - May,2,2022,2022-0784502,Black Mountain Precinct,2,31XX E Rosemont Dr,Firearm,Injured,Non-fatal,Male,Hispanic,White,25,20s,White,Non-Hispanic,09522,1
210,2022-05-29T00:00:00,1908,19,07 - Sunday,05 - May,2,2022,2022-0812845,Desert Horizon Precinct,3,22XX E Poinsettia Dr,Firearm,Fatal,Fatal,Male,Non-Hispanic,White,52,50s,White,Non-Hispanic,10438,1
211,2022-06-27T00:00:00,1724,17,01 - Monday,06 - June,2,2022,2022-0964948,Mountain View Precinct,6,52XX E Thomas Rd,Firearm,Fatal,Fatal,Male,Non-Hispanic,Black,30,30s,White,Non-Hispanic,08723,1
212,2022-06-27T00:00:00,1724,17,01 - Monday,06 - June,2,2022,2022-0964948,Mountain View Precinct,6,52XX E Thomas Rd,Firearm,Fatal,Fatal,Male,Non-Hispanic,Black,30,30s,White,Non-Hispanic,10661,1
213,2022-06-30T00:00:00,2312,23,04 - Thursday,06 - June,2,2022,2022-0982396,Maryvale/Estrella Mountain Precinct,5,107XX W Colter St,Firearm,Injured,Non-fatal,Male,Non-Hispanic,White,40,40s,White,Hispanic,10787,1
214,2022-06-30T00:00:00,2312,23,04 - Thursday,06 - June,2,2022,2022-0982396,Maryvale/Estrella Mountain Precinct,5,107XX W Colter St,Firearm,Injured,Non-fatal,Male,Non-Hispanic,White,40,40s,White,Non-Hispanic,11536,1
215,2022-07-15T00:00:00,1200,12,05 - Friday,07 - July,3,2022,2022-1059172,Cactus Park Precinct,1,172XX N Black Canyon Hwy,Firearm,Injured,Non-fatal,Male,Non-Hispanic,Black,26,20s,White,Non-Hispanic,09779,1
216,2022-07-19T00:00:00,1033,10,02 - Tuesday,07 - July,3,2022,2022-1080436,Maryvale/Estrella Mountain Precinct,5,111XX W College Dr,Bladed Object,Fatal,Fatal,Male,Non-Hispanic,American Indian,22,20s,White,Hispanic,11071,1
217,2022-08-28T00:00:00,2036,20,07 - Sunday,08 - August,3,2022,2022-1298438,Cactus Park Precinct,1,26XX W Deer Valley Rd,Firearm,Self-Inflicted Fatal,Non-fatal,Male,Non-Hispanic,Black,,Not Available,White,Non-Hispanic,10481,1
218,2022-09-10T00:00:00,1703,17,06 - Saturday,09 - September,3,2022,2022-1366860,Cactus Park Precinct,1,122XX N 39th Av,Bladed Object,Fatal,Fatal,Male,Non-Hispanic,White,40,40s,White,Hispanic,11107,1
219,2022-09-10T00:00:00,1703,17,06 - Saturday,09 - September,3,2022,2022-1366860,Cactus Park Precinct,1,122XX N 39th Av,Bladed Object,Fatal,Fatal,Male,Non-Hispanic,White,40,40s,White,Hispanic,11114,1
220,2022-09-22T00:00:00,1948,19,04 - Thursday,09 - September,3,2022,2022-1432093,Black Mountain Precinct,3,24XX W Greenway Rd,Firearm,Injured,Non-fatal,Male,Non-Hispanic,White,22,20s,White,Non-Hispanic,10234,1
221,2022-09-22T00:00:00,1948,19,04 - Thursday,09 - September,3,2022,2022-1432093,Black Mountain Precinct,3,24XX W Greenway Rd,Firearm,Injured,Non-fatal,Male,Non-Hispanic,White,22,20s,White,Non-Hispanic,10607,1
222,2022-09-24T00:00:00,1847,18,06 - Saturday,09 - September,3,2022,2022-1442434,Desert Horizon Precinct,5,66XX N 19th Av,Blunt Object,Fatal,Fatal,Male,Non-Hispanic,Black,34,30s,White,Non-Hispanic,11028,1
223,2022-09-24T00:00:00,1847,18,06 - Saturday,09 - September,3,2022,2022-1442434,Desert Horizon Precinct,5,66XX N 19th Av,Blunt Object,Fatal,Fatal,Male,Non-Hispanic,Black,34,30s,White,Non-Hispanic,11070,1
224,2022-11-02T00:00:00,1630,16,03 - Wednesday,11 - November,4,2022,2022-1649049,Maryvale/Estrella Mountain Precinct,4,37XX W McDowell Rd,Firearm,Fatal,Fatal,Male,Non-Hispanic,Black,29,20s,White,Hispanic,10608,1
225,2022-11-02T00:00:00,1630,16,03 - Wednesday,11 - November,4,2022,2022-1649049,Maryvale/Estrella Mountain Precinct,4,37XX W McDowell Rd,Firearm,Fatal,Fatal,Male,Non-Hispanic,Black,29,20s,White,Non-Hispanic,09240,1
226,2022-11-02T00:00:00,1630,16,03 - Wednesday,11 - November,4,2022,2022-1649049,Maryvale/Estrella Mountain Precinct,4,37XX W McDowell Rd,Firearm,Fatal,Fatal,Male,Non-Hispanic,Black,29,20s,White,Non-Hispanic,10262,1
227,2022-11-06T00:00:00,1628,16,07 - Sunday,11 - November,4,2022,2022-1669527,Mountain View Precinct,4,42XX N 21st Av,Firearm,No Injury,Non-fatal,Male,Non-Hispanic,Black,16,<20,White,Non-Hispanic,10992,1
228,2022-11-29T00:00:00,2253,22,02 - Tuesday,11 - November,4,2022,2022-1786608,South Mountain Precinct,8,18XX E Southern Av,Firearm,Fatal,Fatal,Male,Hispanic,White,34,30s,White,Hispanic,10119,1
229,2022-12-03T00:00:00,0942,09,06 - Saturday,12 - December,4,2022,2022-1803214,Maryvale/Estrella Mountain Precinct,4,29XX W Thomas Rd,Bladed Object,Injured,Non-fatal,Male,Non-Hispanic,White,53,50s,White,Non-Hispanic,10242,1
230,2022-12-21T00:00:00,0843,08,03 - Wednesday,12 - December,4,2022,2022-1892163,Maryvale/Estrella Mountain Precinct,7,41XX W Lydia Ln,Firearm,No Injury,Non-fatal,Male,Hispanic,White,40,40s,White,Hispanic,09719,1
231,2022-12-21T00:00:00,0843,08,03 - Wednesday,12 - December,4,2022,2022-1892163,Maryvale/Estrella Mountain Precinct,7,41XX W Lydia Ln,Firearm,No Injury,Non-fatal,Male,Hispanic,White,40,40s,White,Non-Hispanic,07390,1
232,2023-01-03T00:00:00,1051,10,02 - Tuesday,01 - January,1,2023,2023-0011403,South Mountain Precinct,7,44XX S 36th Dr,Bladed Object,Fatal,Fatal,Male,Hispanic,White,46,40s,White,Non-Hispanic,09898,1
233,2023-01-07T00:00:00,1712,17,06 - Saturday,01 - January,1,2023,2023-0029475,Not Available,Not Available,46XX S Lakeshore Dr,Firearm,Fatal,Fatal,Male,Non-Hispanic,Black,37,30s,White,Non-Hispanic,08562,1
234,2023-01-07T00:00:00,1712,17,06 - Saturday,01 - January,1,2023,2023-0029475,Not Available,Not Available,46XX S Lakeshore Dr,Firearm,Fatal,Fatal,Male,Non-Hispanic,Black,37,30s,White,Non-Hispanic,08949,1
235,2023-01-07T00:00:00,1712,17,06 - Saturday,01 - January,1,2023,2023-0029475,Not Available,Not Available,46XX S Lakeshore Dr,Firearm,Fatal,Fatal,Male,Non-Hispanic,Black,37,30s,White,Non-Hispanic,09448,1
236,2023-02-22T00:00:00,1456,14,03 - Wednesday,02 - February,1,2023,2023-0274656,Desert Horizon Precinct,5,68XX N 23rd Av,Firearm,Self-Inflicted Fatal,Non-fatal,Male,Non-Hispanic,Black,41,40s,White,Non-Hispanic,11572,1
237,2023-02-22T00:00:00,1705,17,03 - Wednesday,02 - February,1,2023,2023-0275623,South Mountain Precinct,7,1XX S 29th Av,Firearm,Fatal,Fatal,Male,Hispanic,White,47,40s,White,Non-Hispanic,10516,1
238,2023-02-25T00:00:00,1445,14,06 - Saturday,02 - February,1,2023,2023-0290964,Black Mountain Precinct,3,176XX N 9th St,Firearm,Fatal,Fatal,Male,Non-Hispanic,White,36,30s,White,Non-Hispanic,10148,1
239,2023-03-04T00:00:00,1056,10,06 - Saturday,03 - March,1,2023,2023-0326723,Maryvale/Estrella Mountain Precinct,7,61XX S 35th Av,Firearm,No injury,Non-fatal,Male,Hispanic,White,35,30s,White,Hispanic,10173,1
240,2023-03-05T00:00:00,1859,18,07 - Sunday,03 - March,1,2023,2023-0334710,Maryvale/Estrella Mountain Precinct,4,42XX W Encanto Blvd,Firearm,Fatal,Fatal,Male,Hispanic,White,42,40s,White,Hispanic,09943,1
241,2023-03-05T00:00:00,1859,18,07 - Sunday,03 - March,1,2023,2023-0334710,Maryvale/Estrella Mountain Precinct,4,42XX W Encanto Blvd,Firearm,Fatal,Fatal,Male,Hispanic,White,42,40s,White,Non-Hispanic,09273,1
242,2023-03-06T00:00:00,1752,17,01 - Monday,03 - March,1,2023,2023-0339167,Maryvale/Estrella Mountain Precinct,7,41XX W Alta Vista Rd,Bladed Object,Fatal,Fatal,Male,Hispanic,White,40,40s,White,Hispanic,10051,1
243,2023-03-08T00:00:00,0444,04,03 - Wednesday,03 - March,1,2023,2023-0346776,Maryvale/Estrella Mountain Precinct,4,16XX N 27th Av,None,Injured,Non-fatal,Male,Non-Hispanic,White,27,20s,White,Non-Hispanic,10223,1
244,2023-03-14T00:00:00,2052,20,02 - Tuesday,03 - March,1,2023,2023-0384686,Maryvale/Estrella Mountain Precinct,5,67XX W Camelback Rd,Firearm,No Injury,Non-fatal,Male,Hispanic,White,37,30s,White,Non-Hispanic,10092,1
245,2023-03-14T00:00:00,2052,20,02 - Tuesday,03 - March,1,2023,2023-0384686,Maryvale/Estrella Mountain Precinct,5,67XX W Camelback Rd,Firearm,No Injury,Non-fatal,Male,Hispanic,White,37,30s,White,Non-Hispanic,10746,1
246,2023-04-01T00:00:00,2040,20,06 - Saturday,04 - April,2,2023,2023-0486368,Black Mountain Precinct,3,14XX E Bell Rd,Firearm,Fatal,Fatal,Male,Non-Hispanic,White,76,70s,White,Hispanic,09576,1
247,2023-04-01T00:00:00,2040,20,06 - Saturday,04 - April,2,2023,2023-0486368,Black Mountain Precinct,3,14XX E Bell Rd,Firearm,Fatal,Fatal,Male,Non-Hispanic,White,76,70s,White,Hispanic,10074,1
248,2023-04-01T00:00:00,2040,20,06 - Saturday,04 - April,2,2023,2023-0486368,Black Mountain Precinct,3,14XX E Bell Rd,Firearm,Fatal,Fatal,Male,Non-Hispanic,White,76,70s,White,Non-Hispanic,11063,1
249,2023-04-20T00:00:00,1527,15,04 - Thursday,04 - April,2,2023,2023-0593187,Cactus Park Precinct,1,118XX N 28th Dr,Firearm,Injured,Non-fatal,Male,Non-Hispanic,White,37,30s,Black,Non-Hispanic,08661,1
250,2023-04-24T00:00:00,1130,11,01 - Monday,04 - April,2,2023,2023-0614010,Cactus Park Precinct,1,32XX W Bell Rd,Bladed Object,Injured,Non-fatal,Male,Non-Hispanic,White,27,20s,White,Non-Hispanic,06999,1
251,2023-05-11T00:00:00,0325,03,04 - Thursday,05 - May,2,2023,2023-0710633,Maryvale/Estrella Mountain Precinct,7,91XX W Lower Buckeye Rd,Firearm,No Injury,Non-fatal,Male,Hispanic,White,34,30s,Black,Non-Hispanic,10545,1
252,2023-05-11T00:00:00,0325,03,04 - Thursday,05 - May,2,2023,2023-0710633,Maryvale/Estrella Mountain Precinct,7,91XX W Lower Buckeye Rd,Firearm,No Injury,Non-fatal,Male,Hispanic,White,34,30s,White,Non-Hispanic,11059,1
253,2023-05-14T00:00:00,2030,20,07 - Sunday,05 - May,2,2023,2023-0731222,Cactus Park Precinct,1,39XX W Paradise Dr,Firearm,No Injury,Non-fatal,Male,Hispanic,White,38,30s,White,Hispanic,11551,1
254,2023-05-22T00:00:00,1958,19,01 - Monday,05 - May,2,2023,2023-0777858,Black Mountain Precinct,3,168XX N 19th Av,Firearm,Injured,Non-fatal,Female,Non-Hispanic,White,40,40s,Multiracial,Non-Hispanic,10555,1
255,2023-05-22T00:00:00,1958,19,01 - Monday,05 - May,2,2023,2023-0777858,Black Mountain Precinct,3,168XX N 19th Av,Firearm,Injured,Non-fatal,Female,Non-Hispanic,White,40,40s,White,Hispanic,08687,1
256,2023-05-22T00:00:00,1958,19,01 - Monday,05 - May,2,2023,2023-0777858,Black Mountain Precinct,3,168XX N 19th Av,Firearm,Injured,Non-fatal,Female,Non-Hispanic,White,40,40s,White,Non-Hispanic,08702,1
257,2023-06-19T00:00:00,1159,11,01 - Monday,06 - June,2,2023,2023-0934061,Maryvale/Estrella Mountain Precinct,4,21XX W Thomas Rd,Firearm,Self-Inflicted Fatal,Non-fatal,Male,Hispanic,White,29,20s,White,Non-Hispanic,11138,1
258,2023-06-28T00:00:00,2051,20,03 - Wednesday,06 - June,2,2023,2023-0987549,Central City Precinct,7,12XX S 20th Av,Firearm,Fatal,Fatal,Male,Hispanic,White,26,20s,White,Non-Hispanic,09735,1
259,2023-06-28T00:00:00,2051,20,03 - Wednesday,06 - June,2,2023,2023-0987549,Central City Precinct,7,12XX S 20th Av,Firearm,Fatal,Fatal,Male,Hispanic,White,26,20s,White,Non-Hispanic,10153,1
260,2023-07-01T00:00:00,1549,15,06 - Saturday,07 - July,3,2023,2023-1002895,Mountain View Precinct,8,30XX E Washington St,Other,Fatal,Fatal,Male,Hispanic,White,35,30s,White,Non-Hispanic,10801,1
261,2023-07-17T00:00:00,2016,20,01 - Monday,07 - July,3,2023,2023-1090317,Central City Precinct,8,17XX E Harrison St,Firearm,Fatal,Fatal,Male,Hispanic,White,35,30s,White,Hispanic,11180,1
262,2023-08-01T00:00:00,1545,15,02 - Tuesday,08 - August,3,2023,2023-1169685,Cactus Park Precinct,1,33XX W Campo Bello Dr,Firearm,Injured,Non-fatal,Male,Non-Hispanic,Black,21,20s,White,Non-Hispanic,10933,1
263,2023-08-10T00:00:00,1733,17,04 - Thursday,08 - August,3,2023,2023-1218085,Mountain View Precinct,4,35XX N SR51 Freeway,Firearm,No Injury,Non-fatal,Male,Hispanic,White,33,30s,White,Non-Hispanic,08305,1
264,2023-09-09T00:00:00,2017,20,06 - Saturday,09 - September,3,2023,2023-1377562,Not Available,Not Available,87XX W Peppertree Ln,Firearm,Fatal,Fatal,Male,Non-Hispanic,White,26,20s,White,Non-Hispanic,10121,1
265,2023-09-09T00:00:00,2017,20,06 - Saturday,09 - September,3,2023,2023-1377562,Not Available,Not Available,87XX W Peppertree Ln,Firearm,Fatal,Fatal,Male,Non-Hispanic,White,26,20s,White,Non-Hispanic,10408,1
266,2023-09-09T00:00:00,2017,20,06 - Saturday,09 - September,3,2023,2023-1377562,Not Available,Not Available,87XX W Peppertree Ln,Firearm,Fatal,Fatal,Male,Non-Hispanic,White,26,20s,White,Non-Hispanic,10660,1
267,2023-11-20T00:00:00,0248,02,01 - Monday,11 - November,4,2023,2023-1753415,Maryvale/Estrella Mountain Precinct,4,25XX W Earll Dr,Firearm,Injured,Non-fatal,Male,Hispanic,White,24,20s,White,Non-Hispanic,11643,1
268,2023-12-16T00:00:00,1431,14,06 - Saturday,12 - December,4,2023,2023-1886809,Mountain View Precinct,8,50XX E McDowell Rd,Blunt Object,Fatal,Fatal,Male,Non-Hispanic,American Indian / Alaskan,37,30s,White,Hispanic,10395,1
269,2024-01-05T00:00:00,1004,10,05 - Friday,01 - January,1,2024,Peoria PD report 2024-969,Not Available,Not Available,86XX W Bell Rd,Firearm,Fatal,Fatal,Male,Hispanic,White,31,30s,White,Non-Hispanic,09107,1
270,2024-01-05T00:00:00,1004,10,05 - Friday,01 - January,1,2024,Peoria PD report 2024-969,Not Available,Not Available,86XX W Bell Rd,Firearm,Fatal,Fatal,Male,Hispanic,White,31,30s,White,Non-Hispanic,09553,1
271,2024-01-05T00:00:00,1004,10,05 - Friday,01 - January,1,2024,Peoria PD report 2024-969,Not Available,Not Available,86XX W Bell Rd,Firearm,Fatal,Fatal,Male,Hispanic,White,31,30s,White,Non-Hispanic,10069,1
272,2024-01-11T00:00:00,1124,11,04 - Thursday,01 - January,1,2024,2024-50510,Mountain View Precinct,8,33XX E Taylor St,Firearm,Fatal,Fatal,Male,Non-Hispanic,White,43,40s,White,Hispanic,09351,1
273,2024-01-12T00:00:00,2016,20,05 - Friday,01 - January,1,2024,2024-57952,Mountain View Precinct,8,13XX N 14th St,Firearm,Injured,Non-fatal,Male,Hispanic,White,38,30s,Asian / Pacific Islander,Non-Hispanic,05831,1
274,2024-01-12T00:00:00,2016,20,05 - Friday,01 - January,1,2024,2024-57952,Mountain View Precinct,8,13XX N 14th St,Firearm,Injured,Non-fatal,Male,Hispanic,White,38,30s,White,Hispanic,10565,1
275,2024-01-27T00:00:00,1610,16,06 - Saturday,01 - January,1,2024,2024-132924,Mountain View Precinct,4,19XX W Indian School Rd,Firearm,Fatal,Fatal,Male,Hispanic,White,42,40s,White,Non-Hispanic,10584,1
276,2024-01-27T00:00:00,1610,16,06 - Saturday,01 - January,1,2024,2024-132924,Mountain View Precinct,4,19XX W Indian School Rd,Firearm,Fatal,Fatal,Male,Hispanic,White,42,40s,White,Non-Hispanic,10779,1
277,2024-01-27T00:00:00,1610,16,06 - Saturday,01 - January,1,2024,2024-132924,Mountain View Precinct,4,19XX W Indian School Rd,Firearm,Fatal,Fatal,Male,Hispanic,White,42,40s,White,Non-Hispanic,10954,1
278,2024-01-27T00:00:00,1610,16,06 - Saturday,01 - January,1,2024,2024-132924,Mountain View Precinct,4,19XX W Indian School Rd,Firearm,Fatal,Fatal,Male,Hispanic,White,42,40s,White,Non-Hispanic,10980,1
279,2024-02-02T00:00:00,1355,13,05 - Friday,02 - February,1,2024,2024-806709,Mountain View Precinct,4,13XX E Palm Ln,Firearm,Fatal,Fatal,Male,Non-Hispanic,White,27,20s,White,Hispanic,10647,1
280,2024-02-02T00:00:00,1355,13,05 - Friday,02 - February,1,2024,2024-806709,Mountain View Precinct,4,13XX E Palm Ln,Firearm,Fatal,Fatal,Male,Non-Hispanic,White,27,20s,White,Non-Hispanic,10954,1
281,2024-02-13T00:00:00,0631,06,02 - Tuesday,02 - February,1,2024,2024-217589,Desert Horizon Precinct,5,19XX W Berridge La,Firearm,Injured,Non-fatal,Male,Non-Hispanic,Black,35,30s,White,Non-Hispanic,07133,1
282,2024-02-13T00:00:00,0631,06,02 - Tuesday,02 - February,1,2024,2024-217589,Desert Horizon Precinct,5,19XX W Berridge La,Firearm,Injured,Non-fatal,Male,Non-Hispanic,Black,35,30s,White,Non-Hispanic,08637,1
283,2024-02-19T00:00:00,2300,23,01 - Monday,02 - February,1,2024,2024-252505,South Mountain Precinct,7,60XX W McDowell Rd,Firearm,Fatal,Fatal,Male,Hispanic,White,37,30s,White,Hispanic,08579,1
284,2024-05-07T00:00:00,2346,23,02 - Tuesday,05 - May,2,2024,2024-670622,South Mountain Precinct,4,34XX W Roosevelt St,Firearm,Fatal,Fatal,Male,Hispanic,White,27,20s,White,Hispanic,10443,1
285,2024-05-16T00:00:00,1640,16,04 - Thursday,05 - May,2,2024,2024-717956,Desert Horizon Precinct,3,25XX W Cactus Rd,Firearm,Fatal,Fatal,Male,Non-Hispanic,Black,23,20s,White,Non-Hispanic,10159,1
286,2024-05-28T00:00:00,0258,02,02 - Tuesday,05 - May,2,2024,2024-777994,South Mountain Precinct,8,10XX E Southern Av,Firearm,Fatal,Fatal,Male,Hispanic,White,48,40s,Asian / Pacific Islander,Hispanic,11204,1
